round_epochs,val_loss,val_accuracy,loss,accuracy,activation,batch_size,dropout,epochs,flatten_layer,kernel_size,last_activation,losses,lr,num_filters,optimizer
5,0.6979046983675692,0.561448872089386,0.642881522625602,0.6289517,<function relu at 0x1370a5d90>,64,0.0,5,100,1,<function sigmoid at 0x1370a5ea0>,<function binary_crossentropy at 0x137054730>,0.2,64,<class 'keras.optimizers.Adam'>
5,0.6848669635062076,0.565329909324646,0.6103267234296053,0.6760954,<function relu at 0x1370a5d90>,64,0.0,5,100,1,<function sigmoid at 0x1370a5ea0>,<function binary_crossentropy at 0x137054730>,0.2,128,<class 'keras.optimizers.Adam'>
5,0.7006709961194116,0.5873221158981323,0.5939484108043127,0.69661677,<function relu at 0x1370a5d90>,64,0.0,5,100,1,<function sigmoid at 0x1370a5ea0>,<function binary_crossentropy at 0x137054730>,0.6000000000000001,64,<class 'keras.optimizers.Adam'>
5,0.7137772700765,0.5433376431465149,0.5430035227480956,0.7437604,<function relu at 0x1370a5d90>,64,0.0,5,100,1,<function sigmoid at 0x1370a5ea0>,<function binary_crossentropy at 0x137054730>,0.6000000000000001,128,<class 'keras.optimizers.Adam'>
5,0.6913031321910498,0.5549805760383606,0.6281385476960781,0.6516916,<function relu at 0x1370a5d90>,64,0.0,5,100,2,<function sigmoid at 0x1370a5ea0>,<function binary_crossentropy at 0x137054730>,0.2,64,<class 'keras.optimizers.Adam'>
5,0.6859915305078416,0.5795601606369019,0.5962992559785785,0.6849695,<function relu at 0x1370a5d90>,64,0.0,5,100,2,<function sigmoid at 0x1370a5ea0>,<function binary_crossentropy at 0x137054730>,0.2,128,<class 'keras.optimizers.Adam'>
5,0.6959261452781583,0.5899094343185425,0.5725307149220624,0.72601223,<function relu at 0x1370a5d90>,64,0.0,5,100,2,<function sigmoid at 0x1370a5ea0>,<function binary_crossentropy at 0x137054730>,0.6000000000000001,64,<class 'keras.optimizers.Adam'>
5,0.7108364526235424,0.5627425909042358,0.5227912848880406,0.7665003,<function relu at 0x1370a5d90>,64,0.0,5,100,2,<function sigmoid at 0x1370a5ea0>,<function binary_crossentropy at 0x137054730>,0.6000000000000001,128,<class 'keras.optimizers.Adam'>
5,0.6868855297025703,0.5692108869552612,0.6246470190456558,0.6600111,<function relu at 0x1370a5d90>,64,0.0,5,100,3,<function sigmoid at 0x1370a5ea0>,<function binary_crossentropy at 0x137054730>,0.2,64,<class 'keras.optimizers.Adam'>
