,round_epochs,val_loss,val_accuracy,loss,accuracy,batch_size,dropout,epochs,flatten_layer,kernel_size,lr,num_filters,precision,recall,fbeta_score
4,5,0.7401386800853685,0.59425288438797,0.5023392083847076,0.7751479148864746,64,0.01,5,100,2,1.0,64,0.625615763546798,0.7529644268774703,0.683408071748879
9,5,0.6788803965195842,0.5862069129943848,0.6298112922166226,0.6538461446762085,64,0.01,5,150,2,0.1,128,0.600828729281768,0.8596837944664032,0.7073170731707318
27,5,0.6787955700666055,0.5862069129943848,0.6439047302955236,0.6346153616905212,128,0.01,5,100,2,0.1,128,0.6036931818181818,0.8399209486166008,0.7024793388429752
33,5,0.6821594245132359,0.5850574970245361,0.6421737081905794,0.6262327432632446,128,0.01,5,150,2,0.1,128,0.6,0.8596837944664032,0.7067424857839155
41,15,1.5216016555654592,0.5804597735404968,0.0232099464908977,0.9985207319259644,128,0.01,15,100,2,1.0,128,0.632768361581921,0.6640316205533597,0.6480231436837031
