,accuracy,val_accuracy,loss,val_loss,precision,recall,fbeta_score,support
0,0.9962042570114136,0.5527950525283813,0.02166398233310509,1.7180180549621582,0.6197916666666666,0.6263157894736842,0.6230366492146596,
