,round_epochs,val_loss,val_accuracy,loss,accuracy,batch_size,dropout,epochs,flatten_layer,kernel_size,lr,num_filters,precision,recall,fbeta_score
1,5,0.7010742790397556,0.5448275804519653,0.6491889540965741,0.6143984198570251,64,0.01,5,100,2,0.1,64,0.5594713656387665,0.7987421383647799,0.6580310880829014
0,5,0.7009934739134778,0.5321838855743408,0.6917152276641049,0.5320512652397156,64,0.01,5,100,2,0.01,64,0.5595238095238095,0.689727463312369,0.6178403755868545
