,round_epochs,val_loss,val_accuracy,loss,accuracy,batch_size,dropout,epochs,first_neuron,hidden_layers,lr,shapes,precision,recall,fbeta_score
1,10,0.6874570580734604,0.59425288438797,0.6294037421074139,0.5714989900588989,64,0.01,10,128,1,0.1,funnel,0.5942528735632184,1.0,0.7454938716654651
0,10,0.6989482308256215,0.5241379141807556,0.6948385801776156,0.5641025900840759,64,0.01,10,128,1,0.01,funnel,0.5927927927927928,0.6363636363636364,0.6138059701492538
