,round_epochs,val_loss,val_accuracy,loss,accuracy,batch_size,dropout,epochs,first_neuron,hidden_layers,lr,shapes,precision,recall,fbeta_score
91,25,0.895919738829821,0.5954023003578186,0.3783769073218284,0.8520709872245789,128,0.1,25,256,1,1.0,funnel,0.6173228346456693,0.782435129740519,0.6901408450704225
100,10,0.7757849136988322,0.5908045768737793,0.539316611412244,0.6291913390159607,256,0.01,10,128,2,1.0,funnel,0.5940337224383917,0.9141716566866267,0.7201257861635221
121,10,0.6955591564890982,0.588505744934082,0.6563578169256508,0.6464496850967407,256,0.1,10,128,1,1.0,funnel,0.6022889842632332,0.8403193612774451,0.7016666666666667
142,25,0.9834956958376128,0.5873563289642334,0.3898668941073634,0.8658776879310608,256,0.1,25,256,2,1.0,funnel,0.6112852664576802,0.7784431137724551,0.684811237928007
1,10,0.7383937034113653,0.5873563289642334,0.6039053896475121,0.6947731971740723,64,0.01,10,128,1,1.0,funnel,0.6011396011396012,0.8423153692614771,0.7015793848711556
