,accuracy,val_accuracy,loss,val_loss,precision,recall,fbeta_score,support
0,0.9886128306388855,0.5,0.0471997188444052,1.83621286901628,0.5625,0.6256684491978609,0.5924050632911393,
